<application>
  <component name="FindSettings">
    <option name="customScope" value="Project and Libraries" />
    <option name="defaultScopeName" value="Project and Libraries" />
    <option name="SEARCH_SCOPE" value="Project and Libraries" />
    <option name="FILE_MASK" value="*.xml" />
    <mask>*.css</mask>
    <mask>*.html</mask>
    <mask>*.jsp</mask>
    <mask>*.properties</mask>
    <mask>*.yml</mask>
    <mask>*.sql</mask>
    <mask>*.yaml</mask>
    <mask>*.java</mask>
    <mask>*.xml</mask>
  </component>
</application>