<application>
  <component name="SonarLintGlobalSettings">
    <option name="rulesByKey">
      <map>
        <entry key="java:S110">
          <value>
            <Rule active="false" key="java:S110" />
          </value>
        </entry>
        <entry key="java:S1220">
          <value>
            <Rule active="false" key="java:S1220" />
          </value>
        </entry>
        <entry key="java:S5976">
          <value>
            <Rule active="false" key="java:S5976" />
          </value>
        </entry>
      </map>
    </option>
    <option name="secretsNeverBeenAnalysed" value="false" />
    <rules>
      <Rule active="false" key="java:S110" />
      <Rule active="false" key="java:S1220" />
      <Rule active="false" key="java:S5976" />
    </rules>
  </component>
</application>