<keymap version="1" name="XWin copy" parent="Default for XWin">
  <action id="ActivateDatabaseToolWindow">
    <keyboard-shortcut first-keystroke="alt d" />
  </action>
  <action id="ActivateMavenToolWindow">
    <keyboard-shortcut first-keystroke="alt m" />
  </action>
  <action id="ActivateProjectToolWindow">
    <keyboard-shortcut first-keystroke="alt f" />
  </action>
  <action id="ActivateServicesToolWindow">
    <keyboard-shortcut first-keystroke="alt s" />
  </action>
  <action id="ActivateTerminalToolWindow">
    <keyboard-shortcut first-keystroke="alt c" />
  </action>
  <action id="ChangesView.ToggleCommitUi" />
  <action id="CheckinProject" />
  <action id="CloseAllEditors">
    <keyboard-shortcut first-keystroke="alt q" />
  </action>
  <action id="CloseAllEditorsButActive">
    <keyboard-shortcut first-keystroke="alt slash" />
  </action>
  <action id="CloseContent">
    <keyboard-shortcut first-keystroke="alt x" />
  </action>
  <action id="EditorContextInfo" />
  <action id="ExportToTextFile" />
  <action id="FileStructurePopup">
    <keyboard-shortcut first-keystroke="ctrl f12" />
    <keyboard-shortcut first-keystroke="alt n" />
  </action>
  <action id="Git.Commit.Stage" />
  <action id="HippieCompletion" />
  <action id="InsertLiveTemplate" />
  <action id="ManageRecentProjects">
    <keyboard-shortcut first-keystroke="shift alt p" />
  </action>
  <action id="MoveEditorToOppositeTabGroup">
    <keyboard-shortcut first-keystroke="alt period" />
  </action>
  <action id="MoveStatementDown">
    <keyboard-shortcut first-keystroke="ctrl j" />
  </action>
  <action id="MoveStatementUp">
    <keyboard-shortcut first-keystroke="ctrl k" />
  </action>
  <action id="NewClass">
    <keyboard-shortcut first-keystroke="alt o" />
  </action>
  <action id="NewDir">
    <keyboard-shortcut first-keystroke="shift alt o" />
  </action>
  <action id="NextTab">
    <keyboard-shortcut first-keystroke="alt k" />
  </action>
  <action id="PreviousTab">
    <keyboard-shortcut first-keystroke="alt j" />
  </action>
  <action id="Scala.ShowImplicits">
    <keyboard-shortcut first-keystroke="shift ctrl alt equals" />
    <keyboard-shortcut first-keystroke="shift ctrl alt add" />
  </action>
  <action id="SelectInProjectView">
    <keyboard-shortcut first-keystroke="alt z" />
  </action>
  <action id="SelectNextOccurrence" />
  <action id="SelectVirtualTemplateElement" />
  <action id="SplitVertically">
    <keyboard-shortcut first-keystroke="alt i" />
  </action>
  <action id="Unsplit">
    <keyboard-shortcut first-keystroke="alt u" />
  </action>
  <action id="Vcs.ToggleAmendCommitMode" />
  <action id="ViewMainMenu">
    <keyboard-shortcut first-keystroke="alt comma" />
  </action>
</keymap>